INSERT INTO Branch
VALUES ('00000001','0818183306','UBC Village');
INSERT INTO Branch
VALUES ('00000002','6044391705','4700 Kingsway');
INSERT INTO Branch
VALUES ('00000003','6048741080','457 W 8th Ave');
INSERT INTO Branch
VALUES ('00000004','6044739117','4567 Lougheed Hwy');
INSERT INTO Branch
VALUES ('00000005','6042633745','650 W 41st Ave');

INSERT INTO Developer
VALUES ('00000001','Square Enix','8587907529','999 N Sepulveda Blvd');
INSERT INTO Developer
VALUES ('00000002','Starbreeze','7807922681','Regeringsgatan 38, 111 56');
INSERT INTO Developer
VALUES ('00000003','CD Projekt','225196900','Warsaw, Poland');
INSERT INTO Developer
VALUES ('00000004','Electronic Arts','6506281393','209 Redwood Shores Parkway');
INSERT INTO Developer
VALUES ('00000005','Bethesda','3019268300','1370 Piccard Drive');
INSERT INTO Developer
VALUES ('00000006','Volition','0875410487', 'Champaign, Illinois');

INSERT INTO Product
VALUES ('Nier:Automata','10000000',60.00,'00000001');
INSERT INTO Product
VALUES  ('Enclave','10000001',60.00,'00000002');
INSERT INTO Product
VALUES ('The Witcher 3: Wild Hunt','10000002',56.99,'00000003');
INSERT INTO Product
VALUES ('The Sims 4','10000003',29.99,'00000004');
INSERT INTO Product
VALUES ('Fallout 4','10000004',69.99,'00000005');
INSERT INTO Product
VALUES ('Mass Effect:Andromeda', '10000005', 69.99, '00000004');
INSERT INTO Product
VALUES ('Supreme Commander', '10000006', 39.99, '00000001');
INSERT INTO Product
VALUES ('Final Fantasy XV','10000007', 50.00, '00000001');
INSERT INTO Product
VALUES ('Nier:Automata Day One Edition', '10000008', 70.00, '00000001');
INSERT INTO Product
VALUES ('Battlefield 1', '10000009', 70.00, '00000004');
INSERT INTO Product
VALUES ('FIFA 17', '10000010', 60.00, '00000004');
INSERT INTO Product
VALUES ('Titanfall 2', '10000011', 60.00, '00000004');
INSERT INTO Product
VALUES ('Dragon Age', '10000012', 50.00, '00000004');
INSERT INTO Product
VALUES ('Saint Row: The Third', '10000013', 40.00, '00000005');
INSERT INTO Product
VALUES ('Red Faction: Armageddon ', '10000014', 40.00, '00000005');
INSERT INTO Product
VALUES ('Agents of Mayhem', '10000015', 60.00, '00000005');
INSERT INTO Product
VALUES ('The Elder Scrolls V: Skyrim', '10000016', 60.00, '00000005');
INSERT INTO Product
VALUES ('The Darkness', '10000017', 50.00, '00000002');
INSERT INTO Product
VALUES ('Syndicate', '10000018', 50.00, '00000002');
INSERT INTO Product
VALUES ('Payday', '10000019', 50.00, '00000002');

INSERT INTO Stock
VALUES ('00000001','10000000',30, 25);
INSERT INTO Stock
VALUES  ('00000001','10000001',30, 40);
INSERT INTO Stock
VALUES  ('00000001','10000002',30, 40);
INSERT INTO Stock
VALUES  ('00000001','10000003',30, 40);
INSERT INTO Stock
VALUES  ('00000001','10000004',30, 40);
INSERT INTO Stock
VALUES  ('00000001','10000005',30, 40);
INSERT INTO Stock
VALUES  ('00000001','10000006',30, 40);
INSERT INTO Stock
VALUES  ('00000001','10000007',30, 40);
INSERT INTO Stock
VALUES  ('00000001','10000008',30, 40);
INSERT INTO Stock
VALUES  ('00000001','10000009',30, 40);
INSERT INTO Stock
VALUES  ('00000001','10000010',30, 40);
INSERT INTO Stock
VALUES  ('00000001','10000011',30, 40);
INSERT INTO Stock
VALUES  ('00000001','10000012',30, 40);
INSERT INTO Stock
VALUES  ('00000001','10000013',30, 40);
INSERT INTO Stock
VALUES  ('00000001','10000014',30, 40);
INSERT INTO Stock
VALUES  ('00000001','10000015',25, 50);
INSERT INTO Stock
VALUES  ('00000001','10000016',30, 40);
INSERT INTO Stock
VALUES  ('00000001','10000017',30, 40);
INSERT INTO Stock
VALUES  ('00000001','10000018',30, 40);
INSERT INTO Stock
VALUES  ('00000001','10000019',30, 40);
INSERT INTO Stock
VALUES  ('00000002','10000000',30, 50);
INSERT INTO Stock
VALUES  ('00000002','10000001',25, 50);
INSERT INTO Stock
VALUES  ('00000002','10000002',25, 50);
INSERT INTO Stock
VALUES  ('00000002','10000003',25, 50);
INSERT INTO Stock
VALUES  ('00000002','10000004',25, 50);
INSERT INTO Stock
VALUES  ('00000003','10000005',30, 50);
INSERT INTO Stock
VALUES  ('00000003','10000006',30, 50);
INSERT INTO Stock
VALUES  ('00000003','10000007',30, 50);
INSERT INTO Stock
VALUES  ('00000003','10000008',30, 50);
INSERT INTO Stock
VALUES  ('00000003','10000009',30, 50);
INSERT INTO Stock
VALUES  ('00000004','10000000',15, 50);
INSERT INTO Stock
VALUES  ('00000004','10000003',15, 50);
INSERT INTO Stock
VALUES  ('00000005','10000004',15, 50);

INSERT INTO Customer
VALUES('Richard Garza','00000001','6135550169','4213 Roger Street');
INSERT INTO Customer
VALUES('Alice Smith','00000002','6135550152','1887 Tolmie St');
INSERT INTO Customer
VALUES('Marcia Cook','00000003','6135550124','962 Township Rd');
INSERT INTO Customer
VALUES('Bethany Cobb','00000004','6135550150','4829 Victoria Park Ave');
INSERT INTO Customer
VALUES('Kenneth Harris','00000005','6135550144','4870 Vulcan Avenue');

INSERT INTO Employee
VALUES ('30000000','Khada Jhin','4411 Lockhart Drive','7053330413',15.00,'Manager','00000001');
INSERT INTO Employee
VALUES('30000001','Donald J. Trump', 'Wall St.', '0754145463', 13.00, 'Clerk', '00000001');
INSERT INTO Employee
VALUES('30000002','Clinton Densmore','2258 Blanshard','2503803948',10.75,'Clerk','00000001');
INSERT INTO Employee
VALUES('30000003','Royah Taylor', 'Oxford St', '7784561083', 12.00, 'Clerk', '00000001');
INSERT INTO Employee
VALUES('30000004','Cody Newman','12345 Road St. ','7057618267',15.00,'Manager','00000002');
INSERT INTO Employee
VALUES('30000005','Elwood Bunch','4955 Adelaide St','4166875639',11.25,'Clerk','00000002');
INSERT INTO Employee
VALUES('30000006','Cato Fate','Alma 4th Ave', '6047293618', 12.00, 'Clerk', '00000003');
INSERT INTO Employee
VALUES('30000007','Sarah Fortune', 'Bilgewater St', '6059873156', 15.25, 'Manager', '00000003');
INSERT INTO Employee
VALUES('30000008','Jeri Littlefair', 'Kayle St', '7786387413', 12.50, 'Clerk','00000004');
INSERT INTO Employee
VALUES('30000009','Yuki Chalison', 'Abbotte Ave.', '9980086424', 15.60, 'Manager', '00000004');
INSERT INTO Employee
VALUES('30000010','Belle C Kanjone', 'Sricha Drive', '0986414178', 16.00, 'Manager', '00000005');
INSERT INTO Employee
VALUES('30000011','Nick Helcomb', 'Chelsea St', '0873516731', 16.75, 'Clerk', '00000005');

INSERT INTO Sale
VALUES ('CC4485159218538197','30000001','10000000',TO_DATE('20161212','YYYYMMDD'),'00000001','00000001');
INSERT INTO Sale
VALUES ('MP1957141541518947','40000001','10000000',TO_DATE('20161212','YYYYMMDD'),'00000001','00000001');
INSERT INTO Sale
VALUES ('CC5374982696209770','40000002','10000000',TO_DATE('20170109','YYYYMMDD'),'00000001','00000005');
INSERT INTO Sale
VALUES ('MP5374982696209770','40000003','10000001',TO_DATE('20170201','YYYYMMDD'),'00000002','00000007');
INSERT INTO Sale
VALUES ('CC4485185276107583','40000004','10000003',TO_DATE('20170110','YYYYMMDD'),'00000002','00000008');
INSERT INTO Sale
VALUES ('MP5149176309521028','40000005','10000002',TO_DATE('20170125','YYYYMMDD'),'00000003','00000011');
INSERT INTO Sale
VALUES ('CC7193681094324094','40000006','10000001',TO_DATE('20170126','YYYYMMDD'),'00000003','00000001');
INSERT INTO Sale
VALUES ('MP0865310945357144','40000007','10000003',TO_DATE('20170127','YYYYMMDD'),'00000002','00000002');
INSERT INTO Sale
VALUES ('CC8198610502928571','40000008','10000005',TO_DATE('20170127','YYYYMMDD'),'00000003','00000003');
INSERT INTO Sale
VALUES ('CC6719410713157145','40000009','10000006',TO_DATE('20170127','YYYYMMDD'),'00000002','00000004');
INSERT INTO Sale
VALUES ('MP9810749867275911','40000010','10000007',TO_DATE('20170127','YYYYMMDD'),'00000004','00000001');
INSERT INTO Sale
VALUES ('CC5125187584149088','40000011','10000005',TO_DATE('20170127','YYYYMMDD'),'00000004','00000006');
INSERT INTO Sale
VALUES ('MP4156585017561412','40000012','10000006',TO_DATE('20170127','YYYYMMDD'),'00000003','00000008');
INSERT INTO Sale
VALUES ('CC1556510157151141','40000013','10000002',TO_DATE('20170127','YYYYMMDD'),'00000003','00000010');
commit;
